{"cameraMode":{"drawMode":0,"name":"Shaded","section":"Shading Mode"},"sceneLighting":true,"audioPlay":false,"sceneViewState":{"showFog":true,"showMaterialUpdate":true,"showSkybox":true,"showFlares":true,"showImageEffects":true,"showParticleSystems":true},"in2DMode":false,"pivot":{"x":-23.219186782836915,"y":-45.80902862548828,"z":45.53416061401367},"rotation":{"x":-0.442927747964859,"y":0.548923909664154,"z":-0.43346503376960757,"w":-0.5609217882156372},"size":169.54209899902345,"orthographic":false}