{"cameraMode":{"drawMode":0,"name":"Shaded","section":"Shading Mode"},"sceneLighting":false,"audioPlay":false,"sceneViewState":{"showFog":true,"showMaterialUpdate":false,"showSkybox":true,"showFlares":true,"showImageEffects":true,"showParticleSystems":true},"in2DMode":false,"pivot":{"x":20.570329666137697,"y":91.78571319580078,"z":-59.09666061401367},"rotation":{"x":0.44053664803504946,"y":-0.12188868969678879,"z":0.06051228195428848,"w":0.8873605132102966},"size":5.229772090911865,"orthographic":false}