{"cameraMode":{"drawMode":0,"name":"Shaded","section":"Shading Mode"},"sceneLighting":false,"audioPlay":false,"sceneViewState":{"showFog":true,"showMaterialUpdate":true,"showSkybox":true,"showFlares":true,"showImageEffects":true,"showParticleSystems":true},"in2DMode":false,"pivot":{"x":0.0000019073486328125,"y":0.544814944267273,"z":-0.005593776702880859},"rotation":{"x":0.3232682943344116,"y":-0.6182085871696472,"z":0.3092426359653473,"w":0.6463077664375305},"size":8.421728134155274,"orthographic":false}